species,current_mean,current_max,future_mean,future_max,continuing_threat,avg_threat,threat_change,threat_change_pct,n_cells,error,threat_category
"5033518_Camponotus_mus_Roger,_1863",0.7939057893622928,1,0.834513824021302,1,0.7939057893622928,0.8142098066917974,0.040608034659009196,5.114968955148661,35494,NA,High
"5034966_Dolichoderus_scabridus_Roger,_1862",0.7474306599212578,1,0.8247740818801375,1,0.7474306599212578,0.7861023709006976,0.07734342195887967,10.34790598060666,34095,NA,High
10242740_Iridomyrmex_suchieri,0.725133867593477,1,0.7124433187644436,1,0.7124433187644436,0.7187885931789603,-0.012690548829033421,-1.7500973814876304,35494,NA,High
"1315155_Formica_neorufibarbis_Emery,_1893",0.6987098976102262,0.9999974370002747,0.8080374603531613,0.9999998807907104,0.6987098976102262,0.7533736789816937,0.10932756274293509,15.64706083552909,35494,NA,High
10866330_Brachyponera_luteipes,0.5540132314549284,1,0.5942695294529293,1,0.5540132314549284,0.5741413804539288,0.0402562979980009,7.2663062382610155,34440,NA,High
"1325601_Dorymyrmex_grandulus_(Forel,_1922)",0.5416106756400263,0.9996756911277771,0.620494964937261,0.9998330473899841,0.5416106756400263,0.5810528202886436,0.07888428929723468,14.564758939438626,34500,NA,High
"1326069_Iridomyrmex_bicknelli_Emery,_1898",0.5411689439832279,1,0.633493428118317,1,0.5411689439832279,0.5873311860507724,0.09232448413508909,17.060196295733935,35494,NA,High
"1315095_Formica_aserva_Forel,_1901",0.5549573926535469,0.9987780451774597,0.5072903010616081,0.997847318649292,0.5072903010616081,0.5311238468575775,-0.047667091591938826,-8.589324554091814,35494,NA,High
"1318132_Polyrhachis_femorata_Smith,_1858",0.47386809442208827,1,0.43682033714846147,1,0.43682033714846147,0.45534421578527484,-0.0370477572736268,-7.818158198392498,36996,NA,High
"1317040_Meranoplus_peringueyi_Emery,_1886",0.3937697451609303,1,0.49842536780458724,1,0.3937697451609303,0.44609755648275873,0.10465562264365696,26.577872965045884,35494,NA,High
"1323752_Acanthomyops_latipes_(Walsh,_1863)",0.3106269775060737,0.9980384111404419,0.4338282744127621,0.9991657137870789,0.3106269775060737,0.37222762595941794,0.1232012969066884,39.662136848458196,33784,NA,High
"5035316_Huberia_striata_(Smith,_1876)",0.3051006648413777,0.9995051622390747,0.3098721710890844,0.999866783618927,0.3051006648413777,0.307486417965231,0.004771506247706669,1.563912110839674,34500,NA,High
"5035470_Myrmecia_pilosula_Smith,_1858",0.3300593287012639,1,0.304385143992447,1,0.304385143992447,0.3172222363468554,-0.02567418470881694,-7.778657494651392,34500,NA,High
"5035763_Lasius_japonicus_Santschi,_1941",0.32204530796125164,0.9999985098838806,0.29731305416018805,0.9999986290931702,0.29731305416018805,0.30967918106071984,-0.024732253801063586,-7.679743560815784,34440,NA,Moderate
11916534_Formica_hayashi,0.2883992887112531,1,0.30357952535910576,1,0.2883992887112531,0.2959894070351794,0.015180236647852674,5.263617922113258,34095,NA,Moderate
"1318973_Myrmica_incompleta_Provancher,_1881",0.29706913927464845,0.9705153703689575,0.27894059412719263,0.9700377583503723,0.27894059412719263,0.2880048667009205,-0.01812854514745582,-6.102466648578899,33784,NA,Moderate
"1316764_Myrmecocystus_navajo_Wheeler,_1908",0.2766343953210456,0.9993196725845337,0.2992317437216129,0.9994952082633972,0.2766343953210456,0.28793306952132924,0.022597348400567263,8.168669110846505,35494,NA,Moderate
"8384845_Cardiocondyla_obscurior_Wheeler,_1929",0.2740335381170229,1,0.2939671638912779,1,0.2740335381170229,0.28400035100415044,0.019933625774255004,7.274155532649648,34095,NA,Moderate
"1319578_Cataglyphis_ibericus_(Emery,_1906)",0.26677137534908485,0.9772204756736755,0.31564203115464695,0.9954094290733337,0.26677137534908485,0.29120670325186593,0.0488706558055621,18.319302714398123,34095,NA,Moderate
"1314773_Monomorium_pharaonis_(Linnaeus,_1758)",0.2633481105825505,1,0.3659359480137501,1,0.2633481105825505,0.3146420292981503,0.10258783743119965,38.95522060297521,34095,NA,Moderate
"1315111_Formica_japonica_Motschoulsky,_1866",0.2261458473429652,1,0.27769442170456765,1,0.2261458473429652,0.25192013452376644,0.051548574361602456,22.794393515183863,35494,NA,Moderate
"1316350_Messor_aciculatus_(Smith,_1874)",0.21790700421610426,0.9989100098609924,0.23934524489714723,0.9995521306991577,0.21790700421610426,0.22862612455662573,0.02143824068104297,9.83825222055831,35494,NA,Moderate
"1316250_Notoncus_ectatommoides_(Forel,_1892)",0.21119114936233688,0.8282724022865295,0.20518987840500183,0.8132236003875732,0.20518987840500183,0.20819051388366935,-0.0060012709573350476,-2.8416299525122497,36996,NA,Moderate
"1315021_Formica_adamsi_Wheeler,_1909",0.21581454136868308,1,0.1998285173426591,0.9999159574508667,0.1998285173426591,0.2078215293556711,-0.015986024026023976,-7.40729698964748,34440,NA,Moderate
"5034483_Camponotus_obscuripes_Mayr,_1879",0.20865787604102376,1,0.1985698699489275,1,0.1985698699489275,0.20361387299497563,-0.010088006092096258,-4.8347113866494444,34440,NA,Moderate
"1325356_Pogonomyrmex_bicolor_Cole,_1968",0.1979114869937986,0.9471942782402039,0.2115392465781843,0.9599767327308655,0.1979114869937986,0.20472536678599146,0.013627759584385696,6.885785050370882,35494,NA,Moderate
"1325631_Dorymyrmex_insanus_(Buckley,_1866)",0.1961294833065647,0.9710033535957336,0.18831051730629925,0.964083194732666,0.18831051730629925,0.192220000306432,-0.007818966000265465,-3.986634680541043,36996,NA,Moderate
"5035460_Myrmecia_nigriceps_Mayr,_1862",0.18787869655215084,1,0.26420835668695397,1,0.18787869655215084,0.2260435266195524,0.07632966013480313,40.62709691708755,34095,NA,Moderate
"1312899_Camponotus_sanctus_Forel,_1904",0.1851882426972221,0.8991422057151794,0.1936397690056177,0.9040181636810303,0.1851882426972221,0.18941400585141988,0.008451526308395602,4.56374885646149,35494,NA,Moderate
"1320126_Technomyrmex_albipes_(Smith,_1861)",0.18265928574686827,0.9996433258056641,0.22112120123374412,0.9999639391899109,0.18265928574686827,0.2018902434903062,0.03846191548687586,21.056643974934243,34095,NA,Moderate
"1319563_Cataglyphis_aenescens_(Nylander,_1849)",0.2173303567675304,0.9996192455291748,0.1786428146425994,0.998631477355957,0.1786428146425994,0.1979865857050649,-0.038687542124931,-17.801260118628306,35494,NA,Moderate
"1314869_Formica_obscuripes_Forel,_1886",0.18972179596539832,0.996192216873169,0.17504662986769773,0.9930636286735535,0.17504662986769773,0.18238421291654802,-0.014675166097700587,-7.735097605958286,34169,NA,Moderate
"1315077_Formica_ulkei_Emery,_1893",0.17169767077372866,0.9970979690551758,0.20949432664761197,0.9965136647224426,0.17169767077372866,0.19059599871067032,0.03779665587388331,22.01349366217876,36996,NA,Moderate
"1315165_Formica_neogagates_Viereck,_1903",0.16118261755100155,0.9535714387893677,0.2645693676422309,0.9839493632316589,0.16118261755100155,0.21287599259661621,0.10338675009122933,64.14261764828059,34169,NA,Moderate
"7358948_Lasius_neglectus_Van_Loon,_Boomsma_&_Andrasfalvy,_1990",0.1592605705704346,0.9646241068840027,0.17106487596757652,0.9685651659965515,0.1592605705704346,0.16516272326900555,0.011804305397141918,7.411944685907892,36996,NA,Moderate
"5034099_Camponotus_claripes_Mayr,_1876",0.15004496018184837,1,0.20622707280167313,1,0.15004496018184837,0.17813601649176075,0.05618211261982475,37.443518630505366,35494,NA,Moderate
"5035831_Lasius_subumbratus_Viereck,_1903",0.1481414919872635,0.9974268674850464,0.23451540158972464,0.999846875667572,0.1481414919872635,0.1913284467884941,0.08637390960246114,58.30500857240397,35494,NA,Moderate
"5035832_Lasius_distinguendus_(Emery,_1916)",0.14447410275404418,0.9822953343391418,0.15452910240423848,0.9849925637245178,0.14447410275404418,0.14950160257914133,0.010054999650194296,6.9597245862894495,35494,NA,Moderate
9020149_Polyergus_mexicanus,0.13583200912614501,0.5930054187774658,0.13951998001927668,0.6390879154205322,0.13583200912614501,0.13767599457271085,0.0036879708931316646,2.7150970650126403,34095,NA,Moderate
"1316765_Myrmecocystus_romainei_Snelling,_1975",0.1330148188907677,0.87356036901474,0.20334417334051494,0.9748846292495728,0.1330148188907677,0.1681794961156413,0.07032935444974725,52.8733227141421,34500,NA,Moderate
"1327426_Amblyopone_australis_Erichson,_1842",0.13103868622844692,0.8534173369407654,0.16526266614305432,0.916707456111908,0.13103868622844692,0.14815067618575062,0.034223979914607405,26.11746263614309,36996,NA,Moderate
12174187_Ectomomyrmex_astutus,0.12506641975427404,0.9971449971199036,0.1464867463570718,0.9996761679649353,0.12506641975427404,0.13577658305567292,0.021420326602797746,17.127160627835693,34095,NA,Moderate
"1321922_Pheidole_bicarinata_Mayr,_1870",0.12354841819319509,0.9941981434822083,0.20549644986166876,0.9996488094329834,0.12354841819319509,0.16452243402743194,0.08194803166847367,66.32867734520885,34500,NA,Moderate
"5034227_Camponotus_vestitus_(Smith,_1858)",0.11954640238365981,0.9952497482299805,0.16447291627061297,0.9997219443321228,0.11954640238365981,0.14200965932713638,0.044926513886953165,37.58081631161988,34500,NA,Moderate
"1320876_Lepisiota_capensis_(Mayr,_1862)",0.11463006674591894,0.991493821144104,0.16802147656842026,0.9995996952056885,0.11463006674591894,0.14132577165716959,0.05339140982250132,46.57714274985551,33784,NA,Moderate
"1320907_Lepisiota_frauenfeldi_(Mayr,_1855)",0.11253027436330891,0.6634953022003174,0.12796877034222529,0.7499667406082153,0.11253027436330891,0.12024952235276709,0.015438495978916375,13.719415567292154,36996,NA,Moderate
"1315056_Formica_pacifica_Francoeur,_1973",0.11783138128668182,0.9313101172447205,0.10777155761130014,0.9382359981536865,0.10777155761130014,0.11280146944899097,-0.010059823675381677,-8.537474113883373,33784,NA,Moderate
"1318034_Polyrhachis_illaudata_Walker,_1859",0.0982319967776748,0.7601662278175354,0.151442165234484,0.8766652941703796,0.0982319967776748,0.1248370810060794,0.053210168456809204,54.16785793048471,34169,NA,Low
"5034522_Camponotus_quadrinotatus_Forel,_1886",0.09671479183971467,1,0.13684076241947976,1,0.09671479183971467,0.11677777712959722,0.040125970579765094,41.488969594501974,34440,NA,Low
"1323356_Tetramorium_impurum_(Foerster,_1850)",0.09550700665991099,0.9366921782493591,0.10220877130474854,0.9397053122520447,0.09550700665991099,0.09885788898232976,0.006701764644837543,7.017039774580858,34500,NA,Low
"5033385_Camponotus_novaeboracensis_(Fitch,_1855)",0.08916304174496947,0.9978414177894592,0.14326368451929952,0.9999699592590332,0.08916304174496947,0.1162133631321345,0.05410064277433005,60.67608474941062,34169,NA,Low
"1325084_Crematogaster_auberti_Emery,_1869",0.08728307424378064,0.9782117009162903,0.10428488259064912,0.9839313626289368,0.08728307424378064,0.09578397841721488,0.017001808346868486,19.478929327560838,34440,NA,Low
"5034395_Camponotus_ocreatus_Emery,_1893",0.08464561149685805,0.9999168515205383,0.09669192525388327,0.999999463558197,0.08464561149685805,0.09066876837537066,0.012046313757025223,14.231468760164098,33772,NA,Low
"1316032_Aphaenogaster_treatae_Forel,_1886",0.07918203103164353,1,0.14841648285162212,1,0.07918203103164353,0.11379925694163283,0.06923445181997859,87.43707494988404,34500,NA,Low
"1321966_Pheidole_desertorum_Wheeler,_1906",0.07860993346491545,0.9985485076904297,0.07940090444132805,0.9950253367424011,0.07860993346491545,0.07900541895312174,7.909709764126055e-4,1.0061972343045238,34095,NA,Low
"1316434_Messor_minor_(Andre,_1883)",0.07706528502329778,1,0.13153089505708446,1,0.07706528502329778,0.10429809004019111,0.05446561003378668,70.6746364687045,34500,NA,Low
"4504757_Tapinoma_nigerrimum_(Nylander,_1856)",0.07694265405614893,0.8678306341171265,0.09544537356305206,0.917181670665741,0.07694265405614893,0.0861940138096005,0.01850271950690313,24.04741522615111,34500,NA,Low
"5033683_Camponotus_modoc_Wheeler,_1910",0.07213967801560248,0.9999986290931702,0.09465992862479297,1,0.07213967801560248,0.08339980332019772,0.022520250609190495,31.21756463110326,34095,NA,Low
"1314900_Formica_ravida_Creighton,_1940",0.07067896504308317,0.887843668460846,0.07656562029054027,0.8835018277168274,0.07067896504308317,0.07362229266681172,0.005886655247457101,8.328723042094381,34440,NA,Low
"1317691_Strongylognathus_testaceus_(Schenck,_1852)",0.06956394243251729,0.7967243194580078,0.11048931916360713,0.953307569026947,0.06956394243251729,0.09002663079806221,0.04092537673108984,58.831307283641664,35494,NA,Low
"1316805_Tapinoma_melanocephalum_(Fabricius,_1793)",0.06894022150027208,1,0.08985711738689514,1,0.06894022150027208,0.07939866944358362,0.020916895886623058,30.340627621192812,34095,NA,Low
"5035030_Solenopsis_pergandei_Forel,_1901",0.06837902861652555,0.9998658895492554,0.09061822824718398,0.9999912977218628,0.06837902861652555,0.07949862843185476,0.02223919963065843,32.523421406550604,35494,NA,Low
"5033417_Camponotus_planatus_Roger,_1863",0.06463238721852767,0.9982201457023621,0.07188268347161453,0.9991661906242371,0.06463238721852767,0.06825753534507109,0.00725029625308686,11.217744794994164,33784,NA,Low
"1316753_Myrmecocystus_mexicanus_Wesmael,_1838",0.06140431129532962,0.556880533695221,0.09766978209086448,0.6882848739624023,0.06140431129532962,0.07953704669309705,0.03626547079553486,59.06013768497913,33784,NA,Low
"5034203_Camponotus_cinctellus_(Gerstaecker,_1859)",0.06135858849370581,0.8528739213943481,0.06645421928680964,0.948178231716156,0.06135858849370581,0.06390640389025773,0.0050956307931038294,8.304674077739813,34500,NA,Low
"1317417_Anoplolepis_custodiens_(Smith,_1858)",0.05888678872363519,0.8135181069374084,0.07318924624705385,0.830201268196106,0.05888678872363519,0.06603801748534452,0.01430245752341866,24.288058210377724,35494,NA,Low
"1325561_Paratrechina_longicornis_(Latreille,_1802)",0.05802657859208489,1,0.08479211637637166,1,0.05802657859208489,0.07140934748422828,0.026765537784286766,46.12634146921376,33772,NA,Low
"1315076_Formica_clara_Forel,_1886",0.0579014545654434,0.9996334314346313,0.06276936799782575,0.9995795488357544,0.0579014545654434,0.06033541128163457,0.004867913432382347,8.40723858997422,35494,NA,Low
"1321249_Leptogenys_elongata_(Buckley,_1866)",0.055139980718559224,0.9564533829689026,0.11340930104005152,0.9999999403953552,0.055139980718559224,0.08427464087930538,0.0582693203214923,105.67526423142144,33784,NA,Low
"1316082_Aphaenogaster_fulva_Roger,_1863",0.053649158730019374,0.9648177027702332,0.12385362786733325,0.9998929500579834,0.053649158730019374,0.08875139329867632,0.07020446913731387,130.85847159431967,34169,NA,Low
"1314922_Formica_dakotensis_Emery,_1893",0.053502687379637405,0.989313542842865,0.08507078283537753,0.994140625,0.053502687379637405,0.06928673510750746,0.031568095455740124,59.00282210451101,33772,NA,Low
"1323881_Leptothorax_unifasciatus_(Latreille,_1798)",0.051958341107012716,0.9942262768745422,0.057360732060735935,0.9930803775787354,0.051958341107012716,0.054659536583874326,0.005402390953723218,10.397543182905945,34440,NA,Low
"1321542_Rhytidoponera_aspera_(Roger,_1860)",0.05069166380928988,0.9999454021453857,0.09039490528894595,1,0.05069166380928988,0.07054328454911792,0.039703241479656065,78.32301900570079,34500,NA,Low
10051026_Camponotus_vitiosus,0.05014902511251784,0.9081514477729797,0.07203472936080314,0.9687042236328125,0.05014902511251784,0.06109187723666049,0.0218857042482853,43.641335398207666,34095,NA,Low
7445874_Formica_dolosa_Buren,0.049378369673477876,0.8537192940711975,0.06824040516129001,0.817293107509613,0.049378369673477876,0.058809387417383945,0.018862035487812137,38.19898391247072,36996,NA,Low
"1316744_Myrmecocystus_mimicus_Wheeler,_1908",0.04668297927342345,0.42965126037597656,0.06416776395897775,0.6414936184883118,0.04668297927342345,0.0554253716162006,0.017484784685554297,37.45430338356395,33772,NA,Low
"1318947_Myrmica_americana_Weber,_1939",0.04412481890611863,0.9909406304359436,0.09407703180330519,0.9999584555625916,0.04412481890611863,0.0691009253547119,0.049952212897186564,113.206612821384,34169,NA,Low
"8639288_Temnothorax_crassispinus_(Karavajev,_1926)",0.043703921217541096,0.7530168890953064,0.05279621954104126,0.9689443111419678,0.043703921217541096,0.048250070379291174,0.009092298323500163,20.804307874898097,35494,NA,Low
8428917_Pheidole_tetra_Creighton,0.041592272982933,0.47978460788726807,0.06584377454665066,0.5008414387702942,0.041592272982933,0.05371802376479183,0.024251501563717665,58.30770915950912,34440,NA,Low
"5034187_Camponotus_vicinus_Mayr,_1870",0.04088718913439329,0.9688010215759277,0.07709050621476297,0.9874320030212402,0.04088718913439329,0.05898884767457813,0.03620331708036968,88.54440191858615,34095,NA,Low
"1323402_Tetramorium_bicarinatum_(Nylander,_1846)",0.039150198666887855,0.9999998807907104,0.06000435495956655,1,0.039150198666887855,0.0495772768132272,0.020854156292678692,53.267051005584186,34095,NA,Low
"5035755_Mayriella_abstinens_Forel,_1902",0.038683701288257315,0.553655743598938,0.058060010165057054,0.7354118227958679,0.038683701288257315,0.048371855726657184,0.01937630887679974,50.08907687610943,34500,NA,Low
"5035765_Lasius_sitiens_Wilson,_1955",0.037742402230781125,0.7725545763969421,0.061286110657142616,0.8928201794624329,0.037742402230781125,0.049514256443961874,0.02354370842636149,62.379994475180034,33784,NA,Low
"1316087_Aphaenogaster_occidentalis_(Emery,_1895)",0.03715156810813709,0.9569936394691467,0.04679408051021704,0.9219136834144592,0.03715156810813709,0.041972824309177065,0.009642512402079945,25.954523303063485,36996,NA,Low
"1321631_Proformica_nasuta_(Nylander,_1856)",0.04443301016868783,0.8154048919677734,0.03672193099096373,0.8091087341308594,0.03672193099096373,0.040577470579825775,-0.007711079177724102,-17.354392935453514,34440,NA,Low
"7730855_Temnothorax_luteus_(Forel,_1874)",0.03633301657617555,0.482290655374527,0.0473344381795906,0.6577824950218201,0.03633301657617555,0.04183372737788307,0.011001421603415051,30.27940600624104,35494,NA,Low
"1318368_Polyrhachis_lamellidens_Smith,_1874",0.03346941080567066,0.6069391369819641,0.044316997451160044,0.6990947127342224,0.03346941080567066,0.03889320412841535,0.010847586645489384,32.41044997317818,34095,NA,Low
"1323414_Tetramorium_simillimum_(Smith,_1851)",0.03186953259792974,0.6624029278755188,0.04784715514722448,0.698050856590271,0.03186953259792974,0.03985834387257711,0.01597762254929474,50.13447404726812,36996,NA,Low
"1314848_Formica_podzolica_Francoeur,_1973",0.031691433697011606,0.8641740679740906,0.04129625321891726,0.929254412651062,0.031691433697011606,0.03649384345796443,0.009604819521905651,30.307305165595437,35494,NA,Low
9991963_Aphaenogaster_rudis,0.03151817312126557,0.9693241715431213,0.07738465987270456,0.9807470440864563,0.03151817312126557,0.05445141649698507,0.045866486751438985,145.52393812600923,34169,NA,Low
"5035337_Odontomachus_clarus_Roger,_1861",0.031403319137616056,0.9652692079544067,0.06561680789747505,0.9994707107543945,0.031403319137616056,0.048510063517545554,0.034213488759858995,108.94863886816606,34440,NA,Low
"1316800_Tapinoma_erraticum_(Latreille,_1798)",0.03127369429655853,0.7495365738868713,0.039020145724542106,0.7180156111717224,0.03127369429655853,0.03514692001055032,0.007746451427983574,24.769863625724643,33784,NA,Low
"1317320_Brachymyrmex_patagonicus_Mayr,_1868",0.02955421617905373,0.30750852823257446,0.04124383279897839,0.39899706840515137,0.02955421617905373,0.035399024489016065,0.01168961661992466,39.55312686725749,36996,NA,Low
"1322237_Pheidole_fervida_Smith,_1874",0.03608537121282067,0.9470959305763245,0.02952911819113749,0.9307953119277954,0.02952911819113749,0.03280724470197908,-0.0065562530216831776,-18.168728216806663,34095,NA,Low
"5035837_Lasius_myops_Forel,_1894",0.028752664532679086,0.4473784863948822,0.04255200658819714,0.47622406482696533,0.028752664532679086,0.03565233556043811,0.013799342055518055,47.99326351070627,34500,NA,Low
"1314580_Monomorium_minimum_(Buckley,_1867)",0.027860707957331306,0.3014514446258545,0.046523178412669265,0.4371214509010315,0.027860707957331306,0.037191943185000284,0.01866247045533796,66.98491109385859,34500,NA,Low
"1320787_Plagiolepis_alluaudi_Emery,_1894",0.027290028752415617,0.19939708709716797,0.033656652826259965,0.26027265191078186,0.027290028752415617,0.03047334078933779,0.006366624073844349,23.32948833291646,36996,NA,Low
"1314398_Leptomyrmex_erythrocephalus_(Fabricius,_1775)",0.027122415473682313,0.9901357889175415,0.04914174421070708,0.9980773329734802,0.027122415473682313,0.038132079842194695,0.022019328737024765,81.18498427395147,35494,NA,Low
"5034345_Camponotus_discolor_(Buckley,_1866)",0.026440587037818698,0.4497128129005432,0.04249341798652693,0.5705351829528809,0.026440587037818698,0.034467002512172815,0.01605283094870823,60.712838658791604,34500,NA,Low
"5035388_Ponera_coarctata_(Latreille,_1802)",0.02623590022392662,0.8297357559204102,0.05684210110905069,0.9389361143112183,0.02623590022392662,0.041539000666488655,0.03060620088512407,116.65771185244797,34169,NA,Low
"1315738_Pristomyrmex_punctatus_(Smith,_1860)",0.02517096169837228,0.9991275668144226,0.026313003287819544,0.9976311922073364,0.02517096169837228,0.02574198249309591,0.0011420415894472652,4.537139276331731,34440,NA,Low
"5034125_Camponotus_laevigatus_(Smith,_1858)",0.024403221543212405,0.6596667766571045,0.041037669643553765,0.863547146320343,0.024403221543212405,0.032720445593383087,0.01663444810034136,68.16496777233137,34095,NA,Low
"1316799_Tapinoma_sessile_(Say,_1836)",0.02304589290514601,0.9995711445808411,0.039193150120136154,0.9999480247497559,0.02304589290514601,0.03111952151264108,0.016147257214990145,70.06566107657542,34095,NA,Low
"1322057_Pheidole_tysoni_Forel,_1901",0.022487966667555124,0.5626165866851807,0.05060299965240569,0.8405851125717163,0.022487966667555124,0.03654548315998041,0.028115032984850564,125.02256607047528,33784,NA,Low
"5036003_Manica_rubida_(Latreille,_1802)",0.022325191498629545,0.9907593131065369,0.022572412045340995,0.9853048324584961,0.022325191498629545,0.02244880177198527,2.472205467114498e-4,1.1073613712412085,34095,NA,Low
"10573600_Temnothorax_nevadensis_(Wheeler,_1903)_Wheeler,_1903",0.022309893522858424,0.688144862651825,0.0258139248807167,0.7333114743232727,0.022309893522858424,0.024061909201787562,0.0035040313578582755,15.706176967039717,34500,NA,Low
"1316743_Myrmecocystus_melliger_Forel,_1886",0.021688994594233825,0.41312769055366516,0.028661083210845695,0.47549229860305786,0.021688994594233825,0.025175038902539762,0.0069720886166118705,32.145743714950484,35494,NA,Low
"1322008_Pheidole_ceres_Wheeler,_1904",0.021456538168509783,0.7281960844993591,0.04450915958404307,0.9323847889900208,0.021456538168509783,0.03298284887627643,0.023052621415533287,107.43868015654996,36996,NA,Low
"1316102_Aphaenogaster_picea_(Wheeler,_1908)",0.021363053392274917,0.7305110692977905,0.02997476013807845,0.821602463722229,0.021363053392274917,0.025668906765176684,0.008611706745803534,40.311216695819375,36996,NA,Low
"1321599_Rhytidoponera_metallica_(Smith,_1858)",0.021363053392274917,0.7305110692977905,0.02997476013807845,0.821602463722229,0.021363053392274917,0.025668906765176684,0.008611706745803534,40.311216695819375,36996,NA,Low
"1318138_Polyrhachis_hookeri_Lowne,_1865",0.02118187694936358,0.3228261470794678,0.03727483455132653,0.48785078525543213,0.02118187694936358,0.029228355750345054,0.016092957601962953,75.97512553034859,35494,NA,Low
10798071_Aphaenogaster_japonica,0.025373743539019212,0.994610071182251,0.020966010899171727,0.9880141019821167,0.020966010899171727,0.02316987721909547,-0.004407732639847485,-17.37123508428847,34095,NA,Low
"5035819_Lasius_grandis_Forel,_1909",0.02064012036844118,0.8295431137084961,0.02240565105738664,0.8646345734596252,0.02064012036844118,0.02152288571291391,0.0017655306889454575,8.553877871976756,34440,NA,Low
"5036004_Manica_hunteri_(Wheeler,_1914)",0.029993862814185784,0.342454195022583,0.020588447921994952,0.23644545674324036,0.020588447921994952,0.025291155368090366,-0.009405414892190832,-31.357797928389815,34440,NA,Low
"1323218_Tetramorium_forte_Forel,_1904",0.02027036238434267,0.42579206824302673,0.038088747147469,0.731989324092865,0.02027036238434267,0.029179554765905835,0.017818384763126333,87.9036320381213,34440,NA,Low
"1315947_Aphaenogaster_tennesseensis_(Mayr,_1862)",0.019724509369396452,0.6053625345230103,0.022267981267113286,0.6311507225036621,0.019724509369396452,0.02099624531825487,0.0025434718977168334,12.894981822276176,36996,NA,Low
"1315150_Formica_integra_Nylander,_1856",0.018915405010589786,0.4709598124027252,0.04072112464579239,0.7615293860435486,0.018915405010589786,0.02981826482819109,0.021805719635202604,115.28021537468891,34500,NA,Low
"5035816_Lasius_paralienus_Seifert,_1992",0.018486154303503744,0.7807965874671936,0.041850089016752696,0.9216241836547852,0.018486154303503744,0.030168121660128222,0.023363934713248952,126.38612839459371,33784,NA,Low
"1327305_Forelius_pruinosus_(Roger,_1863)",0.017738538886771082,0.33919480443000793,0.029452252376240308,0.4717443585395813,0.017738538886771082,0.023595395631505693,0.011713713489469226,66.03539087542883,34095,NA,Low
"1314552_Monomorium_ergatogyna_Wheeler,_1904",0.017654005071351533,0.7697271704673767,0.023036934639092035,0.8866543173789978,0.017654005071351533,0.020345469855221784,0.005382929567740502,30.49126555693463,36996,NA,Low
"1314429_Monomorium_carbonarium_(Smith,_1858)",0.01702987158381663,0.5416922569274902,0.03775841993896782,0.7879087328910828,0.01702987158381663,0.027394145761392225,0.020728548355151193,121.71875902369922,35494,NA,Low
"1322674_Pheidole_anastasii_Emery,_1896",0.0164934481925817,0.9580531120300293,0.017656096738181744,0.9512801766395569,0.0164934481925817,0.01707477246538172,0.001162648545600043,7.0491538944716865,34440,NA,Low
"1324685_Crematogaster_matsumurai_Forel,_1901",0.017458051782031674,0.9327037930488586,0.015255058484321782,0.922492265701294,0.015255058484321782,0.01635655513317673,-0.0022029932977098918,-12.618780865212436,34440,NA,Low
"1316058_Aphaenogaster_iberica_Emery,_1908",0.15609217818552318,0.9836922287940979,0.014858904003508429,0.7593855261802673,0.014858904003508429,0.0854755410945158,-0.14123327418201476,-90.48068636351023,52474,NA,Low
"1314699_Monomorium_floricola_(Jerdon,_1851)",0.013411460752586072,0.33644595742225647,0.019963656942107597,0.4593760073184967,0.013411460752586072,0.016687558847346833,0.006552196189521525,48.85520160999684,34169,NA,Low
"1315963_Aphaenogaster_longiceps_(Smith,_1858)",0.013172059516008312,0.529317319393158,0.030894353645322673,0.641836404800415,0.013172059516008312,0.022033206580665494,0.01772229412931436,134.5445950025965,34500,NA,Low
"1323544_Tetramorium_semilaeve_Andre,_1883",0.012834460790524124,0.6702014207839966,0.02416339591248317,0.7877695560455322,0.012834460790524124,0.018498928351503647,0.011328935121959045,88.26966170891549,33784,NA,Low
"5033470_Camponotus_sayi_Emery,_1893",0.012737709373165356,0.6852715015411377,0.027493662389579367,0.9498733282089233,0.012737709373165356,0.02011568588137236,0.014755953016414011,115.8446356728825,34500,NA,Low
"1325436_Paratrechina_vividula_(Nylander,_1846)",0.012253399011811009,0.8778507709503174,0.0273194449712663,0.9852885007858276,0.012253399011811009,0.019786421991538655,0.01506604595945529,122.95401418768115,34440,NA,Low
"1321546_Rhytidoponera_victoriae_(Andre,_1896)",0.01198510753901152,0.9982441663742065,0.020683079909271908,0.9999322295188904,0.01198510753901152,0.016334093724141713,0.008697972370260388,72.57316917640073,36996,NA,Low
"1319382_Liometopum_luctuosum_Wheeler,_1905",0.011742111421492372,0.3805748224258423,0.0196340770297961,0.5092684030532837,0.011742111421492372,0.015688094225644236,0.007891965608303728,67.21078794958916,35494,NA,Low
"1317341_Brachymyrmex_depilis_Emery,_1893",0.011384384640706497,0.9750272035598755,0.019936876007316928,0.9848805069923401,0.011384384640706497,0.01566063032401171,0.00855249136661043,75.1247576090303,34095,NA,Low
"1315915_Aphaenogaster_spinosa_Emery,_1878",0.011049657604715697,0.999833345413208,0.01823732569312214,0.9999849796295166,0.011049657604715697,0.01464349164891892,0.007187668088406445,65.04878563240676,34169,NA,Low
8994864_Stigmatomma_pallipes,0.01063428924855123,0.8048371076583862,0.02863119552305262,0.993354856967926,0.01063428924855123,0.019632742385801927,0.01799690627450139,169.23468841091767,33784,NA,Low
"1324059_Leptothorax_recedens_(Nylander,_1856)",0.010469027189474763,0.1991315633058548,0.0220603959666592,0.38286730647087097,0.010469027189474763,0.01626471157806698,0.011591368777184438,110.72059101000372,34500,NA,Low
8859839_Camponotus_fragilis,0.009369008341952392,0.32762160897254944,0.02433168776082863,0.7928391098976135,0.009369008341952392,0.01685034805139051,0.014962679418876239,159.70398224406097,34440,NA,Minimal
"5035813_Lasius_emarginatus_(Olivier,_1792)",0.009167592921366163,0.21521452069282532,0.01729581631958369,0.39398542046546936,0.009167592921366163,0.013231704620474927,0.008128223398217529,88.6625689855157,34500,NA,Minimal
"9551728_Tapinoma_magnum_Mayr,_1861",0.0091002980598079,0.48634204268455505,0.013719136121758188,0.6191404461860657,0.0091002980598079,0.011409717090783044,0.004618838061950289,50.75479980540097,36996,NA,Minimal
"1316070_Aphaenogaster_subterranea_(Latreille,_1798)",0.008828530830765267,0.27160850167274475,0.016788292187130564,0.45944735407829285,0.008828530830765267,0.012808411508947916,0.007959761356365298,90.15952380918782,34500,NA,Minimal
"1320777_Plagiolepis_pygmaea_(Latreille,_1798)",0.008809140378255352,0.270820677280426,0.020110054282884267,0.5115074515342712,0.008809140378255352,0.014459597330569809,0.011300913904628914,128.28622793348035,33784,NA,Minimal
"5033130_Camponotus_hyatti_Emery,_1893",0.008284780528069533,0.14133496582508087,0.01095184265577699,0.22183839976787567,0.008284780528069533,0.009618311591923261,0.002667062127707457,32.192308760277065,34440,NA,Minimal
"1318326_Polyrhachis_phryne_Forel,_1907",0.007952502399009867,0.20705653727054596,0.016829885585196137,0.34551963210105896,0.007952502399009867,0.012391193992103002,0.00887738318618627,111.63005983238128,34500,NA,Minimal
"1324052_Leptothorax_parvulus_(Schenck,_1852)",0.00788375468538042,0.23244209587574005,0.01571701026695113,0.4091062843799591,0.00788375468538042,0.011800382476165775,0.00783325558157071,99.35945363820929,34440,NA,Minimal
"1322312_Pheidole_moerens_Wheeler,_1908",0.007284453955212634,0.1768101155757904,0.011086673252829114,0.29352089762687683,0.007284453955212634,0.009185563604020874,0.00380221929761648,52.196352959245154,35494,NA,Minimal
"1314445_Monomorium_subopacum_(Smith,_1858)",0.007197302265075733,0.14979079365730286,0.012826094077456402,0.2401839643716812,0.007197302265075733,0.010011698171266067,0.005628791812380669,78.20696707006289,36996,NA,Minimal
11569675_Nylanderia_terricola,0.007109419913862302,0.23685161769390106,0.011087030384050452,0.329402893781662,0.007109419913862302,0.009098225148956376,0.00397761047018815,55.948453156247055,35494,NA,Minimal
"1312486_Camponotus_cruentatus_(Latreille,_1802)",0.007022075563457516,0.14382322132587433,0.015082897908072847,0.2719375789165497,0.007022075563457516,0.011052486735765182,0.008060822344615332,114.79258905391727,36996,NA,Minimal
"1322635_Pheidole_megacephala_(Fabricius,_1793)",0.007002927993544831,0.4205167293548584,0.011898404766777579,0.5932396650314331,0.007002927993544831,0.009450666380161205,0.004895476773232747,69.90614179876341,34169,NA,Minimal
"1323900_Leptothorax_affinis_Mayr,_1855",0.006949613866146055,0.5825216174125671,0.008348540475221267,0.6869122385978699,0.006949613866146055,0.007649077170683661,0.0013989266090752113,20.129558793041163,35494,NA,Minimal
"1314963_Formica_subsericea_Say,_1836",0.006807918800058519,0.8297520875930786,0.021591968878181537,0.9993465542793274,0.006807918800058519,0.014199943839120028,0.014784050078123018,217.15961239132199,34169,NA,Minimal
"1326475_Trachymyrmex_septentrionalis_(McCook,_1881)",0.006464096768901974,0.2853964567184448,0.014539295015183792,0.5041728019714355,0.006464096768901974,0.010501695892042882,0.008075198246281818,124.9238452792147,34095,NA,Minimal
"1318020_Polyrhachis_ammon_(Fabricius,_1775)",0.006124968480452522,0.6983506679534912,0.015228822978768604,0.9078263640403748,0.006124968480452522,0.010676895729610563,0.009103854498316081,148.6351240397481,35494,NA,Minimal
"5034470_Camponotus_fulvopilosus_(De_Geer,_1778)",0.008014894917358328,0.18524686992168427,0.005976734268549037,0.1402655690908432,0.005976734268549037,0.006995814592953682,-0.002038160648809291,-25.429661521764018,35494,NA,Minimal
"5035838_Lasius_lasioides_(Emery,_1869)",0.005776416501696931,0.5089259147644043,0.006819580118975424,0.5877915024757385,0.005776416501696931,0.006297998310336178,0.0010431636172784928,18.059009716007214,34500,NA,Minimal
"5034955_Dolichoderus_doriae_Emery,_1887",0.005724062514406705,0.6620100736618042,0.014312695667166276,0.8424077033996582,0.005724062514406705,0.01001837909078649,0.00858863315275957,150.0443632672271,35494,NA,Minimal
"5034159_Camponotus_festinatus_(Buckley,_1866)",0.005682025838498137,0.8062673211097717,0.012850446367008956,0.8521970510482788,0.005682025838498137,0.009266236102753546,0.007168420528510819,126.15959047461078,34440,NA,Minimal
"1322537_Pheidole_pallidula_(Nylander,_1849)",0.005653004444886646,0.23114152252674103,0.012229165872906518,0.45560529828071594,0.005653004444886646,0.008941085158896581,0.006576161428019872,116.33037780411186,36996,NA,Minimal
"5033123_Camponotus_nipponensis_Santschi,_1937",0.0055777765197733645,0.11894170939922333,0.00564519671860723,0.12565356492996216,0.0055777765197733645,0.005611486619190297,6.74201988338655e-5,1.2087289369672507,36996,NA,Minimal
"1316520_Messor_structor_(Latreille,_1798)",0.005364356286965631,0.11129450798034668,0.008283038331175281,0.22559112310409546,0.005364356286965631,0.006823697309070456,0.0029186820442096504,54.408802996577506,34500,NA,Minimal
10506146_Temnothorax_curvispinosus,0.0051617497841221745,0.3246944546699524,0.024141568138796317,0.9094179272651672,0.0051617497841221745,0.014651658961459245,0.018979818354674143,367.70124760903957,34169,NA,Minimal
"1316075_Aphaenogaster_senilis_Mayr,_1853",0.00512854072636058,0.362379252910614,0.007381008899208089,0.48058414459228516,0.00512854072636058,0.006254774812784334,0.0022524681728475085,43.920255156985974,35494,NA,Minimal
"1325665_Dorymyrmex_bicolor_Wheeler,_1906",0.0050657950869359624,0.2081412374973297,0.009858198134386046,0.3192398250102997,0.0050657950869359624,0.007461996610661005,0.0047924030474500836,94.60317610969062,35494,NA,Minimal
"5034660_Camponotus_decipiens_Emery,_1893",0.004865092982100616,0.09442824870347977,0.008212937370991966,0.1420566737651825,0.004865092982100616,0.006539015176546291,0.0033478443888913505,68.81357460604673,33784,NA,Minimal
"1322198_Pheidole_pilifera_(Roger,_1863)",0.004681461891105207,0.2466132491827011,0.007593148464605102,0.40832406282424927,0.004681461891105207,0.006137305177855154,0.0029116865734998953,62.19609688657531,34169,NA,Minimal
"1313104_Camponotus_aethiops_(Latreille,_1798)",0.004595818227700715,0.3520914912223816,0.009770213863604348,0.6018326282501221,0.004595818227700715,0.007183016045652531,0.005174395635903633,112.58921435829676,33784,NA,Minimal
"1312649_Camponotus_fallax_(Nylander,_1856)",0.004573744234040604,0.6084833145141602,0.016400689152167764,0.9943457841873169,0.004573744234040604,0.010487216693104184,0.01182694491812716,258.58343433600413,35494,NA,Minimal
"1321735_Pheidole_obtusospinosa_Pergande,_1896",0.004343576092623345,0.15990719199180603,0.005396119963074334,0.1754433512687683,0.004343576092623345,0.004869848027848839,0.0010525438704509895,24.23219596034049,34169,NA,Minimal
"1316755_Myrmecocystus_placodops_Forel,_1908",0.004309377550268055,0.15975742042064667,0.010773835320226912,0.391245573759079,0.004309377550268055,0.007541606435247483,0.006464457769958857,150.00908355214202,34440,NA,Minimal
"5035293_Solenopsis_molesta_(Say,_1836)",0.004047722327660468,0.261285662651062,0.006067895514474994,0.4615931510925293,0.004047722327660468,0.005057808921067731,0.0020201731868145258,49.908887598575966,36996,NA,Minimal
"1313954_Camponotus_truncatus_(Spinola,_1808)",0.003840713397958735,0.17517565190792084,0.009931352425557293,0.41057610511779785,0.003840713397958735,0.006886032911758014,0.006090639027598559,158.58093006459728,35494,NA,Minimal
8061257_Formica_incerta_Buren,0.003822895002618729,0.800433337688446,0.01533928249306999,0.9990772604942322,0.003822895002618729,0.009581088747844359,0.011516387490451262,301.24781043063956,34095,NA,Minimal
"1315873_Aphaenogaster_floridana_Smith,_1941",0.003695783527388509,0.0388888418674469,0.005058130289318902,0.053230803459882736,0.003695783527388509,0.004376956908353706,0.0013623467619303933,36.862190434975126,34500,NA,Minimal
"9320247_Tapinoma_madeirense_Forel,_1895",0.0034482054077495544,0.17303822934627533,0.009916115831935057,0.39819642901420593,0.0034482054077495544,0.0066821606198423054,0.006467910424185503,187.5732347513119,34440,NA,Minimal
"1315043_Formica_pallidefulva_Latreille,_1802",0.00340953219728964,0.14792674779891968,0.008079966770508994,0.3079720139503479,0.00340953219728964,0.005744749483899317,0.004670434573219354,136.98168261710654,33784,NA,Minimal
"1316376_Messor_barbarus_(Linnaeus,_1767)",0.003295850876764902,0.9875378608703613,0.008322595673504914,0.9928351044654846,0.003295850876764902,0.0058092232751349076,0.005026744796740012,152.51736151588565,35494,NA,Minimal
"1322289_Pheidole_morrisii_Forel,_1886",0.0032479864773028565,0.07011236250400543,0.0034351544534209745,0.07666139304637909,0.0032479864773028565,0.0033415704653619155,1.87167976118118e-4,5.762584832974526,33772,NA,Minimal
"1319630_Cataglyphis_velox_Santschi,_1929",0.005280561900268533,0.9559910297393799,0.003066238500133844,0.7965124249458313,0.003066238500133844,0.004173400200201188,-0.002214323400134689,-41.93348060217008,34500,NA,Minimal
"1314898_Formica_montana_Wheeler,_1910",0.002864656514751128,0.6108031868934631,0.0060940004887739384,0.7902829051017761,0.002864656514751128,0.004479328501762534,0.0032293439740228103,112.73058244134253,35494,NA,Minimal
"1312835_Camponotus_piceus_(Leach,_1825)",0.0028524207653688317,0.07191912829875946,0.005230245940291215,0.14885419607162476,0.0028524207653688317,0.004041333352830023,0.0023778251749223835,83.36165560815917,34500,NA,Minimal
"1314949_Formica_perpilosa_Wheeler,_1913",0.003034654034485351,0.058015160262584686,0.0027492292095043585,0.054982710629701614,0.0027492292095043585,0.002891941621994855,-2.8542482498099264e-4,-9.405514491519229,36996,NA,Minimal
"5033847_Camponotus_suffusus_(Smith,_1858)",0.0027469780607810904,0.2545212209224701,0.006518582260504603,0.5182844400405884,0.0027469780607810904,0.004632780160642847,0.003771604199723513,137.30012094275972,34500,NA,Minimal
"5033125_Camponotus_atriceps_(Smith,_1858)",0.002736630026121639,0.07356704771518707,0.0046418820798538206,0.11722972244024277,0.002736630026121639,0.00368925605298773,0.0019052520537321815,69.6203738008499,34500,NA,Minimal
"1316759_Myrmecocystus_testaceus_Emery,_1893",0.002711374032573853,0.7329381704330444,0.0027268729518063572,0.7485042214393616,0.002711374032573853,0.002719123492190105,1.5498919232504425e-5,0.5716260112512627,33784,NA,Minimal
"1316357_Messor_wasmanni_Krausse,_1910",0.002672893530483324,0.10182586312294006,0.0063344951054022216,0.199072927236557,0.002672893530483324,0.004503694317942773,0.0036616015749188977,136.99017686861592,33784,NA,Minimal
"9112922_Crematogaster_missouriensis_Emery,_1895",0.002667741260861937,0.038643576204776764,0.0033915204710834924,0.06157313287258148,0.002667741260861937,0.0030296308659727147,7.237792102215554e-4,27.130787413308035,34500,NA,Minimal
"9347551_Temnothorax_lichtensteini_(Bondroit,_1918)",0.0025658548320847165,0.06673868000507355,0.005773792870881191,0.17728875577449799,0.0025658548320847165,0.004169823851482953,0.0032079380387964743,125.02414394933152,35494,NA,Minimal
"1316496_Messor_bouvieri_Bondroit,_1918",0.0025465858701652073,0.6769006252288818,0.007914261341655855,0.8884320259094238,0.0025465858701652073,0.0052304236059105315,0.0053676754714906474,210.77928431066118,36996,NA,Minimal
10545506_Acromyrmex_volcanus,0.002235311839221587,0.33027157187461853,0.003322796041478502,0.4039546251296997,0.002235311839221587,0.0027790539403500444,0.0010874842022569149,48.6502233458225,33784,NA,Minimal
"1316766_Myrmecocystus_depilis_Forel,_1901",0.002233780312323284,0.021482722833752632,0.003552712206266267,0.032706741243600845,0.002233780312323284,0.0028932462592947752,0.0013189318939429832,59.04483474344906,34169,NA,Minimal
"1325392_Pogonomyrmex_maricopa_Wheeler,_1914",0.0022207567301600326,0.015058323740959167,0.0037185173002273657,0.02664957195520401,0.0022207567301600326,0.0029696370151936994,0.001497760570067333,67.4437028480558,35494,NA,Minimal
"1319613_Cataglyphis_hispanicus_(Emery,_1906)",0.0027867897865981404,0.25411441922187805,0.0021926986499686786,0.22899062931537628,0.0021926986499686786,0.0024897442182834095,-5.940911366294618e-4,-21.31811805420294,33772,NA,Minimal
"1324046_Leptothorax_exilis_Emery,_1869",0.0021483453714822233,0.2972891926765442,0.002638454358845468,0.3921721279621124,0.0021483453714822233,0.0023933998651638456,4.901089873632445e-4,22.813323866315784,35494,NA,Minimal
"5033815_Camponotus_rufipes_(Fabricius,_1775)",0.0021001753023275507,0.41175371408462524,0.0047838365640404095,0.6779345273971558,0.0021001753023275507,0.0034420059331839803,0.002683661261712859,127.7827264580557,34500,NA,Minimal
"5035783_Lasius_cinereus_Seifert,_1992",0.0019469777589358247,0.05748341977596283,0.0024915211653866124,0.08979668468236923,0.0019469777589358247,0.0022192494621612185,5.445434064507877e-4,27.96865058943576,34440,NA,Minimal
8821071_Camponotus_pudorosus,0.0018690356312504395,0.077726811170578,0.003948494417946242,0.15359480679035187,0.0018690356312504395,0.002908765024598341,0.0020794587866958024,111.25838116336946,34500,NA,Minimal
"1313121_Camponotus_sylvaticus_(Olivier,_1792)",0.002325110115005805,0.1317036896944046,0.0018118844991051363,0.07542544603347778,0.0018118844991051363,0.0020684973070554703,-5.132256159006685e-4,-22.073174624651582,34500,NA,Minimal
"5035045_Solenopsis_xyloni_McCook,_1879",0.0017935538572069747,0.33494484424591064,0.005342234495526428,0.6464859247207642,0.0017935538572069747,0.003567894176366701,0.003548680638319453,197.8574897017959,34440,NA,Minimal
"5034801_Camponotus_atrox_Emery,_1925",0.0033136478729243737,0.21075569093227386,0.0017760272374380845,0.16214218735694885,0.0017760272374380845,0.002544837555181229,-0.0015376206354862892,-46.40265636098812,33772,NA,Minimal
9840903_Temnothorax_longispinosus,0.0016716895421133248,0.4402547776699066,0.00753090944998061,0.8783700466156006,0.0016716895421133248,0.004601299496046967,0.005859219907867285,350.49689312886096,34095,NA,Minimal
"5034038_Camponotus_storeatus_Forel,_1910",0.0016613444328066151,0.2561339735984802,0.0027433829575933535,0.2278970181941986,0.0016613444328066151,0.002202363695199984,0.0010820385247867384,65.13029468301053,34500,NA,Minimal
"1315174_Formica_gagates_Latreille,_1798",0.001588115621420568,0.0703650712966919,0.0026968078946605365,0.1649242788553238,0.001588115621420568,0.0021424617580405522,0.0011086922732399685,69.81181082069102,34500,NA,Minimal
"1316246_Notoncus_capitatus_Forel,_1915",0.0014498713056592825,0.10008048266172409,0.0029163028394078683,0.16136200726032257,0.0014498713056592825,0.0021830870725335753,0.0014664315337485857,101.14218607021628,34500,NA,Minimal
"1314975_Formica_subrufa_Roger,_1859",0.001335351476753645,0.07651866972446442,0.0013566760034369944,0.07814601808786392,0.001335351476753645,0.0013460137400953197,2.132452668334936e-5,1.5969223874444747,34440,NA,Minimal
"1315972_Aphaenogaster_gibbosa_(Latreille,_1798)",0.0013256091704028706,0.05189903452992439,0.001955998782889221,0.0775625929236412,0.0013256091704028706,0.0016408039766460459,6.303896124863503e-4,47.55471118948026,34500,NA,Minimal
"5035064_Solenopsis_aurea_Wheeler,_1906",0.0012831621526008413,0.10566068440675735,0.0028861615865740007,0.19680167734622955,0.0012831621526008413,0.002084661869587421,0.0016029994339731594,124.92571034175532,34440,NA,Minimal
"1325405_Pogonomyrmex_californicus_(Buckley,_1867)",0.0012507264823918775,0.0728287324309349,0.001233701254657976,0.08097945898771286,0.001233701254657976,0.0012422138685249267,-1.7025227733901555e-5,-1.3612270927007695,35494,NA,Minimal
"5035532_Myrmecia_brevinoda_Forel,_1910",0.0012019647591723426,0.050507936626672745,0.002236485022580157,0.15683817863464355,0.0012019647591723426,0.0017192248908762496,0.0010345202634078142,86.06910107083101,35494,NA,Minimal
"7628930_Colobopsis_impressa_Mayr,_1861",0.0011475788669445073,0.01844719797372818,0.0020329557925714867,0.03395280987024307,0.0011475788669445073,0.001590267329757997,8.853769256269794e-4,77.15172796657932,34169,NA,Minimal
"1316497_Messor_pergandei_(Mayr,_1886)",0.0010672321656937612,0.3086260259151459,0.0016877807294289802,0.5096604228019714,0.0010672321656937612,0.0013775064475613707,6.205485637352189e-4,58.14560164908704,33772,NA,Minimal
"5035230_Solenopsis_invicta_Buren,_1972",0.0010596873576755076,0.10017852485179901,0.0024182900585520534,0.2700735330581665,0.0010596873576755076,0.0017389887081137806,0.0013586027008765458,128.2078804692667,34169,NA,Minimal
"5034161_Camponotus_japonicus_Mayr,_1866",0.0010290636224657625,0.07251335680484772,0.0010990955427705844,0.09648431092500687,0.0010290636224657625,0.0010640795826181734,7.003192030482185e-5,6.80540238484155,35494,NA,Minimal
"1323589_Prenolepis_nitens_(Mayr,_1853)",0.0010145796610840753,0.1409752368927002,0.004586844818702258,0.48875054717063904,0.0010145796610840753,0.002800712239893167,0.003572265157618183,352.09311743951463,34500,NA,Minimal
11460840_Lasius_americanus,0.0010105059849667031,0.061789531260728836,0.0028374825936554804,0.16979970037937164,0.0010105059849667031,0.0019239942893110916,0.0018269766086887772,180.7981977216075,36996,NA,Minimal
8350691_Lasius_claviger,9.674619232449711e-4,0.22179046273231506,0.004727920184124744,0.69279944896698,9.674619232449711e-4,0.0028476910536848576,0.003760458260879773,388.69315375914664,34169,NA,Minimal
"1315910_Aphaenogaster_texana_Wheeler,_1915",8.604007468852197e-4,0.1554126739501953,0.002447792649373328,0.43335750699043274,8.604007468852197e-4,0.0016540966981292739,0.0015873919024881082,184.494482162493,34169,NA,Minimal
10382684_Acromyrmex_echinatior,8.279198857088502e-4,0.3088049590587616,9.710012733684346e-4,0.3393041491508484,8.279198857088502e-4,8.994605795386425e-4,1.4308138765958443e-4,17.2820329755796,33784,NA,Minimal
"1324554_Crematogaster_dentinodis_Forel,_1901",8.050091424832258e-4,0.012343578971922398,0.0012837055954585666,0.0196378156542778,8.050091424832258e-4,0.0010443573689708963,4.7869645297534075e-4,59.464722537025786,34500,NA,Minimal
"1325120_Crematogaster_scutellaris_(Olivier,_1792)",7.331341439633845e-4,0.12088751792907715,0.004350798672655887,0.4917773902416229,7.331341439633845e-4,0.0025419664083096358,0.0036176645286925026,493.451922609293,36996,NA,Minimal
"1316432_Messor_capitatus_(Latreille,_1798)",6.851926034831576e-4,0.036651622503995895,0.0017893675132601473,0.11206711828708649,6.851926034831576e-4,0.0012372800583716525,0.0011041749097769897,161.14810699414255,34500,NA,Minimal
"5035408_Ponera_pennsylvanica_Buckley,_1866",6.829245699545273e-4,0.13217869400978088,0.0032865781840571468,0.5953289866447449,6.829245699545273e-4,0.001984751377005837,0.0026036536141026195,381.25054049175367,34169,NA,Minimal
"5034397_Camponotus_intrepidus_(Kirby,_1819)",6.791326842697425e-4,0.2992708086967468,0.002335503297884406,0.776477575302124,6.791326842697425e-4,0.0015073179910770743,0.0016563706136146635,243.89499312578735,35494,NA,Minimal
"5033542_Camponotus_americanus_(Buckley,_1866)",6.678595249159183e-4,0.2697160243988037,0.0018278043401707754,0.4754575788974762,6.678595249159183e-4,0.0012478319325433468,0.001159944815254857,173.68095714452693,34095,NA,Minimal
"5035548_Myrmecia_gulosa_(Fabricius,_1775)",6.16376600216788e-4,0.15618284046649933,0.0035309264995355464,0.6740392446517944,6.16376600216788e-4,0.0020736515498761673,0.002914549899318758,472.85213265618313,34500,NA,Minimal
"1312698_Camponotus_lateralis_(Olivier,_1792)",6.104635786887377e-4,0.026115035638213158,0.002160953106558433,0.09326504170894623,6.104635786887377e-4,0.0013857083426235851,0.0015504895278696952,253.9855909504237,36996,NA,Minimal
"5034083_Camponotus_clarithorax_Creighton,_1950",6.000248538610326e-4,0.1468859612941742,7.814247447678646e-4,0.1289549618959427,6.000248538610326e-4,6.907247993144486e-4,1.813998909068321e-4,30.232062845324204,34500,NA,Minimal
11700741_Lasius_aphidicola,5.27655519256737e-4,0.13396161794662476,0.0027957197754565613,0.5648572444915771,5.27655519256737e-4,0.0016616876473566492,0.002268064256199824,429.8380616570924,34169,NA,Minimal
"5033302_Camponotus_nearcticus_Emery,_1893",5.232707702494835e-4,0.02508772350847721,0.0015792940469948893,0.08206584304571152,5.232707702494835e-4,0.0010512824086221864,0.0010560232767454058,201.81201335628168,34500,NA,Minimal
"1325394_Pogonomyrmex_badius_(Latreille,_1802)",5.198458585969501e-4,0.04861006513237953,8.112639913781997e-4,0.07100070267915726,5.198458585969501e-4,6.655549249875749e-4,2.9141813278124964e-4,56.05856581560143,35494,NA,Minimal
"1324484_Crematogaster_minutissima_Mayr,_1870",4.756883427328211e-4,0.007257838733494282,9.21814710896395e-4,0.014147492125630379,4.756883427328211e-4,6.987515268146081e-4,4.461263681635739e-4,93.78543220138333,34500,NA,Minimal
"1312770_Camponotus_pilicornis_(Roger,_1859)",4.5766998270420486e-4,0.014987407252192497,0.0013209076273886856,0.035108838230371475,4.5766998270420486e-4,8.892888050464452e-4,8.632376446844807e-4,188.61574438068334,35494,NA,Minimal
7934812_Crematogaster_pinicola,4.3455282216966676e-4,0.049068089574575424,6.342587081780078e-4,0.09171389788389206,4.3455282216966676e-4,5.344057651738373e-4,1.9970588600834108e-4,45.956642281422795,34440,NA,Minimal
"1319375_Liometopum_microcephalum_(Panzer,_1798)",4.0490900681236996e-4,0.04276226833462715,0.0012301217750100592,0.08768579363822937,4.0490900681236996e-4,8.175153909112146e-4,8.252127681976892e-4,203.80202818755353,36996,NA,Minimal
"1323765_Acanthomyops_interjectus_(Mayr,_1866)",3.897436043098018e-4,0.05961111932992935,0.001593426103824877,0.2994523048400879,3.897436043098018e-4,9.915848540673394e-4,0.0012036824995150753,308.83957714884906,36996,NA,Minimal
"5033583_Camponotus_sansabeanus_(Buckley,_1866)",3.730185756486918e-4,0.03690759837627411,3.907338972202469e-4,0.04487546533346176,3.730185756486918e-4,3.818762364344694e-4,1.77153215715551e-5,4.749179458622821,34169,NA,Minimal
"5034296_Camponotus_chromaiodes_Bolton,_1995",3.6879630276118733e-4,0.03659704327583313,0.0017120872467749984,0.14635707437992096,3.6879630276118733e-4,0.0010404417747680928,0.0013432909440138112,364.2365538798946,36996,NA,Minimal
"5035547_Myrmecia_esuriens_Fabricius,_1804",4.955278254409532e-4,0.23243875801563263,3.261087294296807e-4,0.2700510323047638,3.261087294296807e-4,4.1081827743531693e-4,-1.6941909601127247e-4,-34.189623127724914,35494,NA,Minimal
10360134_Novomessor_albisetosa,2.852198892821635e-4,0.017596211284399033,3.590281237331981e-4,0.017945677042007446,2.852198892821635e-4,3.221240065076808e-4,7.380823445103462e-5,25.87766043833546,34440,NA,Minimal
"5033684_Camponotus_essigi_Smith,_1923",2.725545965654867e-4,0.006633587647229433,2.8994554680194785e-4,0.007154857739806175,2.725545965654867e-4,2.8125007168371726e-4,1.739095023646118e-5,6.380721681310063,36996,NA,Minimal
"1316409_Messor_ibericus_Santschi,_1931",0.00024103199125196409,0.023052364587783813,8.790910163823114e-4,0.11117127537727356,0.00024103199125196409,5.600615038171378e-4,6.380590251303473e-4,264.71964232471896,34500,NA,Minimal
"1322029_Pheidole_dentata_Mayr,_1886",2.3503216057051802e-4,0.009612240828573704,4.7854203606743467e-4,0.019944574683904648,2.3503216057051802e-4,3.5678709831897634e-4,2.4350987549691665e-4,103.60704462990078,36996,NA,Minimal
"5033983_Camponotus_subbarbatus_Emery,_1893",2.2670101545732202e-4,0.03326980769634247,9.101672310775758e-4,0.12111017107963562,2.2670101545732202e-4,5.684341232674489e-4,6.834662156202538e-4,301.48352632717734,34169,NA,Minimal
"1313925_Camponotus_foreli_Emery,_1881",1.9865474991163083e-4,0.05203137919306755,2.6272508489306144e-4,0.055294353514909744,1.9865474991163083e-4,2.3068991740234613e-4,6.407033498143062e-5,32.25210321421035,34440,NA,Minimal
"1319624_Cataglyphis_bombycinus_(Roger,_1859)",1.7961218969307424e-4,0.001990594668313861,3.0212540327260936e-4,0.0039300681091845036,1.7961218969307424e-4,2.408687964828418e-4,1.2251321357953512e-4,68.20985468129348,33772,NA,Minimal
"5035748_Atta_cephalotes_(Linnaeus,_1758)",1.780798575507131e-4,0.02110331691801548,2.4744678776185246e-4,0.028147881850600243,1.780798575507131e-4,2.1276332265628278e-4,6.936693021113936e-5,38.952709848942476,33784,NA,Minimal
"1327128_Pseudomyrmex_pallidus_(Smith,_1855)",1.702416226024612e-4,0.007326945196837187,4.256030647144038e-4,0.01622641459107399,1.702416226024612e-4,2.979223436584325e-4,2.553614421119426e-4,149.99941742111358,34169,NA,Minimal
"1321175_Pyramica_membranifera_(Emery,_1869)",1.67000916140427e-4,0.010877914726734161,3.071793691685939e-4,0.022726494818925858,1.67000916140427e-4,2.3709014265451046e-4,1.401784530281669e-4,83.93873295299426,36996,NA,Minimal
"5035484_Myrmecia_piliventris_Smith,_1858",1.3353572394783685e-4,0.012929101474583149,4.813550361549612e-4,0.04385087639093399,1.3353572394783685e-4,3.0744538005139904e-4,3.4781931220712433e-4,260.469110380525,34500,NA,Minimal
"5035545_Myrmecia_urens_Lowne,_1865",1.239486841668613e-4,0.16494809091091156,5.64849820782549e-4,0.5388772487640381,1.239486841668613e-4,3.4439925247470516e-4,4.409011366156877e-4,355.71263993584716,35494,NA,Minimal
"1314168_Harpegnathos_saltator_(Jerdon,_1851)",1.0528465572725586e-4,0.0030893543735146523,1.0676057289712869e-4,0.003570850007236004,1.0528465572725586e-4,1.0602261431219228e-4,1.4759171698728273e-6,1.4018350154425638,34500,NA,Minimal
"5034380_Camponotus_socius_Roger,_1863",8.737436763337744e-5,0.006103156134486198,1.8597796866904606e-4,0.01197195053100586,8.737436763337744e-5,1.3667616815121175e-4,9.860360103566861e-5,112.85186228689975,34095,NA,Minimal
"1327098_Pseudomyrmex_gracilis_(Fabricius,_1804)",7.267000748213674e-5,0.004465943668037653,1.847550400195889e-4,0.011420794762670994,7.267000748213674e-5,1.287125237508628e-4,1.1208503253745215e-4,154.23836658473462,34169,NA,Minimal
"5033820_Camponotus_ephippium_(Smith,_1858)",6.754666488760809e-5,0.01554904505610466,1.5198062900613005e-4,0.03369737043976784,6.754666488760809e-5,1.0976364694686907e-4,8.443396411852197e-5,125.00093714325186,34500,NA,Minimal
"1322344_Pheidole_californica_Mayr,_1870",6.704549082159507e-5,0.06247413530945778,2.0714052226223126e-4,0.1628056764602661,6.704549082159507e-5,1.3709300654191317e-4,1.400950314406362e-4,208.95518807286018,33784,NA,Minimal
10051655_Nylanderia_faisonensis,6.636793329857163e-5,0.004053865559399128,1.6882922049122256e-4,0.007375660352408886,6.636793329857163e-5,1.175985768948971e-4,1.0246128719265093e-4,154.38372433823565,33784,NA,Minimal
"1313253_Camponotus_micans_(Nylander,_1856)",6.387817128518837e-5,0.003960967995226383,2.0535256647504754e-4,0.011408623307943344,6.387817128518837e-5,1.3461536888011795e-4,1.4147439518985918e-4,221.47533710418426,34169,NA,Minimal
"1314931_Formica_moki_Wheeler,_1906",4.9798412074134845e-5,0.003110127057880163,9.069592464435094e-5,0.0057063959538936615,4.9798412074134845e-5,7.02471683592429e-5,4.0897512570216094e-5,82.12613789638917,36996,NA,Minimal
9111629_Aphaenogaster_carolinensis,3.149144273117801e-5,7.026100065559149e-4,4.8107700462150405e-5,0.0011397268390282989,3.149144273117801e-5,3.979957159666421e-5,1.6616257730972392e-5,52.76435847291783,34169,NA,Minimal
"1315869_Aphaenogaster_lamellidens_Mayr,_1886",1.910798214503068e-5,0.001951610785908997,6.357480982188956e-5,0.004847519099712372,1.910798214503068e-5,4.1341395983460116e-5,4.446682767685888e-5,232.71336208791232,36996,NA,Minimal
"5035519_Myrmecia_nigrocincta_Smith,_1858",8.356154884262035e-6,0.0020175420213490725,1.8533712499370196e-5,0.0050011021085083485,8.356154884262035e-6,1.3444933691816116e-5,1.0177557615108162e-5,121.79713942684994,34500,NA,Minimal
"1321048_Pyramica_rostrata_(Emery,_1895)",8.235546761449887e-6,6.568092503584921e-4,3.7052971003748886e-5,0.002284672809764743,8.235546761449887e-6,2.2644258882599388e-5,2.8817424242298998e-5,349.91513104134964,33784,NA,Minimal
"5035745_Atta_mexicana_(Smith,_1858)",6.770975240680814e-6,0.0015258732018992305,1.7703798779522713e-5,0.0038829680997878313,6.770975240680814e-6,1.2237387010101763e-5,1.09328235388419e-5,161.4660096991082,34440,NA,Minimal
"1313646_Camponotus_maculatus_(Fabricius,_1782)",6.409700149858841e-6,0.0012742913095280528,2.198464448381799e-5,0.00470704585313797,6.409700149858841e-6,1.4197172316838415e-5,1.5574944333959147e-5,242.9902174800197,34169,NA,Minimal
"5035385_Odontomachus_haematodus_(Linnaeus,_1758)",4.578614622765826e-6,0.0016389851225540042,2.703988267634045e-5,0.0072512137703597546,4.578614622765826e-6,1.5809248649553137e-5,2.2461268053574624e-5,490.56908921516384,36996,NA,Minimal
"1316763_Myrmecocystus_mendax_Wheeler,_1908",2.7095521100109475e-6,4.1200738633051515e-4,4.465316546896895e-6,7.068910053931177e-4,2.7095521100109475e-6,3.5874343284539213e-6,1.7557644368859477e-6,64.79906514434424,35494,NA,Minimal
11772898_Novomessor_cockerelli,2.0423357377914933e-6,7.15922360541299e-5,3.6914552399438993e-6,1.3707694597542286e-4,2.0423357377914933e-6,2.8668954888676965e-6,1.649119502152406e-6,80.74673872845722,33784,NA,Minimal
"8673167_Veromessor_andrei_(Mayr,_1886)",1.8174287446624173e-6,6.566702504642308e-4,9.460091569464348e-6,0.0031363717280328274,1.8174287446624173e-6,5.638760157063383e-6,7.64266282480193e-6,420.5206309874633,34500,NA,Minimal
"1313695_Camponotus_barbaricus_Emery,_1905",1.814102510172886e-6,1.519799407105893e-4,2.012823904322994e-6,2.246966032544151e-4,1.814102510172886e-6,1.9134632072479397e-6,1.98721394150108e-7,10.954253854770844,34440,NA,Minimal
"1325362_Pogonomyrmex_subnitidus_Emery,_1895",1.88382753814908e-6,3.07607464492321e-4,1.7226226270977576e-6,3.07607464492321e-4,1.7226226270977576e-6,1.8032250826234189e-6,-1.6120491105132232e-7,-8.557307279291141,33784,NA,Minimal
"1319606_Cataglyphis_rosenhaueri_Santschi,_1925",3.7990469809767524e-7,1.2552506814245135e-4,3.6451414167599234e-7,1.0558933718129992e-4,3.6451414167599234e-7,3.722094198868338e-7,-1.5390556421682898e-8,-4.051162435934371,34440,NA,Minimal
"1325459_Paratrechina_flavipes_(Smith,_1874)",3.1668800455776566e-7,5.2387709729373455e-5,5.743485420121155e-7,1.0113317694049329e-4,3.1668800455776566e-7,4.455182732849406e-7,2.5766053745434983e-7,81.36100317855617,36996,NA,Minimal
"1324376_Crematogaster_laeviuscula_Mayr,_1870",1.6981090372471867e-7,4.7670713684055954e-5,3.672635979323938e-7,8.189381333068013e-5,1.6981090372471867e-7,2.685372508285562e-7,1.9745269420767513e-7,116.27798326058421,34500,NA,Minimal
"1319372_Liometopum_occidentale_Emery,_1895",9.960414341113559e-8,4.6686029236298054e-5,4.6067064782095615e-8,1.0664421097317245e-5,4.6067064782095615e-8,7.28356040966156e-8,-5.3537078629039975e-8,-53.749850955552326,35494,NA,Minimal
"5033509_Camponotus_texanus_Wheeler,_1903",7.932734923492218e-9,1.0336169680158491e-6,1.903656149342405e-8,2.518305564080947e-6,7.932734923492218e-9,1.3484648208458135e-8,1.1103826569931833e-8,139.9747587310482,34169,NA,Minimal
"1320481_Myrmicaria_natalensis_(Smith,_1858)",3.1858606525207446e-9,1.8034493223240133e-6,3.21318528176557e-8,1.1643505786196329e-5,3.1858606525207446e-9,1.7658856735088223e-8,2.8945992165134953e-8,908.576843818704,36996,NA,Minimal
"5035741_Atta_texana_(Buckley,_1860)",1.8276292088665885e-9,3.9291785469686147e-7,8.848158826987171e-9,2.0990050870750565e-6,1.8276292088665885e-9,5.33789401792688e-9,7.020529618120583e-9,384.13314823713023,34440,NA,Minimal
